folioviv,entidad,nom_ent,tam_loc,tot_integ,ing_cor,gasto_mon,factor
0773233,22,Querétaro,1,3,35847.45,22717.13,913
0382982,16,Michoacán de Ocampo,2,7,75262.01,102714.05,1058
0348747,20,Oaxaca,9,6,,37736.44,596
0224990,20,Oaxaca,9,4,99132.64,132202.42,1178
0448777,09,Ciudad de México,1,1,106901.24,76266.4,983
0770039,31,Yucatán,4,2,37024.57,32982.52,187
0869136,22,Querétaro,2,3,42295.54,28327.43,173
0502830,16,Michoacán de Ocampo,3,5,44898.81,35807.37,527
0321531,09,Ciudad de México,1,2,127368.55,114275.91,81
0377210,22,Querétaro,1,3,41140.03,46457.08,276
0205991,09,Ciudad de México,2,3,81366.84,65156.27,806
0519385,22,Querétaro,1,3,67081.3,38001.41,733
0860303,19,Nuevo León,1,2,75374.88,67436.14,764
0936615,20,Oaxaca,2,3,128980.69,121962.63,801
0507703,19,Nuevo León,1,2,23749.15,19966.42,135
0913292,22,Querétaro,4,4,62316.03,61067.49,154
0372425,20,Oaxaca,1,3,65542.26,58739.37,1079
0509159,09,Ciudad de México,1,1,27141.84,19909.07,82
0738504,09,Ciudad de México,2,4,12789.34,10074.39,919
0660276,09,Ciudad de México,1,2,103191.77,77460.08,430
0348547,20,Oaxaca,2,2,48047.98,42390.93,438
0432071,16,Michoacán de Ocampo,2,2,77865.75,91598.38,376
0492938,31,Yucatán,1,5,61884.6,62006.85,187
0707051,31,Yucatán,4,4,40309.33,39959.63,269
0382409,22,Querétaro,1,5,89320.26,129367.95,912
0971082,31,Yucatán,3,5,51140.18,39446.93,309
0584549,16,Michoacán de Ocampo,9,5,95017.66,78877.88,423
0626573,20,Oaxaca,1,3,232968.34,207153.71,651
0640709,22,Querétaro,1,5,55909.6,46515.9,1256
0630040,31,Yucatán,1,6,178368.52,140491.61,733
0980013,09,Ciudad de México,2,2,55576.59,70279.33,240
0424092,19,Nuevo León,4,1,11357.17,18905.08,419
0329880,16,Michoacán de Ocampo,1,4,148491.44,86974.33,855
0636898,16,Michoacán de Ocampo,1,6,121983.53,104057.83,350
0424483,19,Nuevo León,1,1,98707.8,84387.96,784
0271317,31,Yucatán,1,2,82443.03,79522.48,387
0824121,16,Michoacán de Ocampo,1,2,129678.58,116790.21,277
0913003,16,Michoacán de Ocampo,2,3,26156.82,42072.79,1182
0851711,22,Querétaro,1,3,9872.77,15912.55,670
0387885,22,Querétaro,1,4,62045.99,40791.22,579
0178429,16,Michoacán de Ocampo,3,3,74136.95,102034.56,1007
0196096,19,Nuevo León,2,5,46739,51838.94,239
0298584,22,Querétaro,1,1,49003.57,36991.93,1382
0178229,09,Ciudad de México,3,3,58613.21,57604.95,693
0800279,09,Ciudad de México,1,3,99860.7,107627.3,1329
0283642,20,Oaxaca,1,1,84031.78,77322.66,1298
0736602,20,Oaxaca,3,2,62182.84,45215.47,791
0297022,19,Nuevo León,3,4,30381.76,39552.3,236
0219951,09,Ciudad de México,1,2,70621.17,42127.83,926
0449063,31,Yucatán,4,3,46441.77,33678.57,527
0401591,09,Ciudad de México,3,3,43326.45,36437.44,409
0859047,22,Querétaro,3,4,99543.5,72034.23,294
0439246,19,Nuevo León,2,2,132550.91,88530.88,352
0702387,19,Nuevo León,2,3,39617.99,44721.37,463
0750786,20,Oaxaca,1,2,60934.98,45799.41,875
0815305,16,Michoacán de Ocampo,2,7,47571.74,34515.45,1306
0773283,31,Yucatán,1,3,128987.35,82440.98,1292
0361255,20,Oaxaca,2,4,98272.03,88422.57,91
0390784,20,Oaxaca,1,3,58636.26,79651.01,583
0638425,09,Ciudad de México,2,3,67826.85,59018.96,1253
0119688,20,Oaxaca,2,1,196099.85,137064.25,505
0443927,19,Nuevo León,2,3,39994.74,48052.13,400
0128514,22,Querétaro,3,2,55142.92,41215.89,1358
0256316,19,Nuevo León,4,2,47489.96,26223.66,709
0681997,19,Nuevo León,2,5,52549.78,47209.9,972
0152426,31,Yucatán,1,2,156334.54,182324.81,1274
0485835,09,Ciudad de México,1,3,79479.45,76309.95,256
0251356,22,Querétaro,4,4,23837.61,24303.94,302
0461718,19,Nuevo León,1,3,,55692.63,888
0272690,20,Oaxaca,1,4,50489.83,29229.25,1223
0109926,16,Michoacán de Ocampo,3,2,95196.97,52281.2,1043
0390618,22,Querétaro,4,3,55396.42,41574.52,153
0915361,20,Oaxaca,1,2,34850.46,38900.25,162
0628444,09,Ciudad de México,4,2,28157.53,19475.89,835
0300905,16,Michoacán de Ocampo,2,4,146354.54,94452.33,1291
0323826,16,Michoacán de Ocampo,4,3,60577.59,65694.99,1381
0593157,19,Nuevo León,3,4,79887.08,63879.76,718
0770338,19,Nuevo León,2,5,96276.86,96177.37,624
0769201,09,Ciudad de México,1,1,38138.01,42685.36,317
0815034,20,Oaxaca,2,1,16802.92,19430.31,82
0289595,22,Querétaro,3,3,22020.25,21822.71,750
0820751,22,Querétaro,1,6,33801.39,32819.41,920
0570316,22,Querétaro,3,2,32596.29,24445.6,864
0481118,31,Yucatán,1,1,38068.98,44437.27,426
0205868,31,Yucatán,1,3,27297.84,25831.44,717
0769859,19,Nuevo León,1,3,130404.93,109293.08,569
0768822,20,Oaxaca,1,4,68951.33,59594.29,1208
0950177,22,Querétaro,3,1,155627.59,108421.59,548
0266501,22,Querétaro,4,6,79654.38,52088.17,870
0520722,09,Ciudad de México,1,2,50215.92,52841.19,1023
0873316,09,Ciudad de México,1,3,42080.18,30057.52,952
0496697,22,Querétaro,4,6,50163.36,50498.19,1088
0350412,16,Michoacán de Ocampo,2,4,40427.28,46790.2,797
0942995,31,Yucatán,2,6,,76417.12,1210
0951969,09,Ciudad de México,2,1,,20753.32,849
0805124,20,Oaxaca,2,2,142107.34,140975.58,495
0381868,20,Oaxaca,1,2,44201.56,46320.27,758
0516936,20,Oaxaca,2,2,58448.38,61594.56,661
0846230,22,Querétaro,2,4,106690.73,66928.31,1255
0926162,20,Oaxaca,4,3,91012.03,96248.09,1392
0673250,20,Oaxaca,1,4,88116.59,69085.56,367
0801999,20,Oaxaca,1,2,50873.25,49381.13,734
0896750,20,Oaxaca,1,1,41232.45,40739.39,443
0907857,19,Nuevo León,4,1,35436.58,31298.63,604
0284253,16,Michoacán de Ocampo,2,6,52586.77,53661.96,975
0754749,09,Ciudad de México,3,2,34526.55,50308.16,591
0260037,22,Querétaro,2,3,34728.98,35548.43,840
0573043,16,Michoacán de Ocampo,2,3,84191.72,60711.65,805
0496208,31,Yucatán,1,7,83878.8,75806.32,1089
0729688,22,Querétaro,3,3,76709.2,66342.77,445
0633481,19,Nuevo León,1,3,95520.43,104210.41,164
0847612,16,Michoacán de Ocampo,1,4,153081.53,137651.48,1154
0748064,19,Nuevo León,2,5,56520.79,34915.4,316
0380985,19,Nuevo León,2,5,121785.86,90447.83,1194
0187769,19,Nuevo León,3,1,40187.57,27426.37,226
0202474,22,Querétaro,2,4,42771.52,42440.51,1194
0328846,09,Ciudad de México,1,5,57707.06,44698.27,995
0272114,09,Ciudad de México,3,3,,32037.32,1205
0354309,19,Nuevo León,4,3,19600.5,23650.93,439
0184168,16,Michoacán de Ocampo,1,4,36251.75,27566.89,995
0755000,19,Nuevo León,3,1,35503.45,32849.79,400
0179917,22,Querétaro,2,6,137380.72,109533.9,190
0218365,20,Oaxaca,3,1,62508.77,43090.47,559
0690879,20,Oaxaca,3,4,31449.23,30577.52,428
0442873,09,Ciudad de México,4,4,48790.75,52739.27,383
0847799,20,Oaxaca,1,5,63123.01,47388.29,515
0578245,19,Nuevo León,2,3,85069.2,48110.85,1090
0687852,22,Querétaro,1,3,30271.66,31807.53,554
0620014,19,Nuevo León,4,4,64598.78,56165.38,178
0660722,20,Oaxaca,9,4,70139.81,65623.71,118
0909967,31,Yucatán,3,1,41869.5,60277.43,1055
0439850,22,Querétaro,3,2,27747.3,29773.63,690
0173391,16,Michoacán de Ocampo,2,5,49044.95,44865.11,1270
0201342,09,Ciudad de México,1,3,53846.48,42767.78,157
0278491,31,Yucatán,2,5,26015.18,27023.2,520
0918884,20,Oaxaca,3,2,37065.65,35716.69,235
0491908,09,Ciudad de México,3,6,52069.74,38605.01,208
0511720,31,Yucatán,2,3,26090.42,31733.77,1236
0947783,22,Querétaro,1,4,68370.63,56067.86,271
0455885,22,Querétaro,1,4,102281.53,68663.56,953
0523208,31,Yucatán,4,5,64942.08,57719.78,104
0143295,31,Yucatán,1,1,46619.53,65941.68,1214
0447622,16,Michoacán de Ocampo,1,6,66943.27,66348.5,260
0149625,20,Oaxaca,2,5,67463.57,51622.98,449
0961508,19,Nuevo León,1,5,222644.84,229528.96,200
0141767,22,Querétaro,2,2,65414.92,74297.12,796
0701088,20,Oaxaca,3,2,59067.68,50330.15,1046
0572529,09,Ciudad de México,1,4,27795.71,24993.18,107
0161814,19,Nuevo León,1,1,48362.18,39777.9,1137
0587436,20,Oaxaca,3,1,37923.85,49756.91,1099
0431091,20,Oaxaca,4,2,45394.22,38646.32,1214
0762127,09,Ciudad de México,1,7,136572.87,86066.82,483
0109628,31,Yucatán,9,4,74057.35,53471.39,83
0473022,19,Nuevo León,2,3,35803.36,23888,661
0843837,20,Oaxaca,2,2,90857.53,101984.06,1313
0890247,19,Nuevo León,1,7,101796.97,59301.97,1360
0703657,22,Querétaro,2,3,40111.96,52104.4,94
0360131,20,Oaxaca,1,3,46721.72,64638,349
0258653,20,Oaxaca,3,1,23171.9,25438.51,961
0190610,19,Nuevo León,2,3,82873.27,71898.06,552
0924476,16,Michoacán de Ocampo,3,2,37796.56,31725.59,265
0626640,19,Nuevo León,2,4,72162.56,48057.27,825
0204549,31,Yucatán,2,1,73974.04,42724.57,864
0777820,19,Nuevo León,4,2,29385.18,24491.55,994
0238120,20,Oaxaca,1,4,111804.7,106798.44,648
0371461,19,Nuevo León,1,4,40968.68,46888.58,192
0335255,19,Nuevo León,1,5,52949.73,49211.7,1279
0341040,09,Ciudad de México,3,6,101775.57,100640.65,1150
0881072,19,Nuevo León,4,4,98960.11,99422.66,689
0669279,31,Yucatán,4,3,44712.88,56060.27,749
0321301,31,Yucatán,1,2,14209.13,14295.79,453
0189925,31,Yucatán,3,3,90973.07,79748.15,363
0721168,22,Querétaro,3,3,34583.43,40697,427
0875687,19,Nuevo León,1,4,34540.29,28309.53,833
0172484,09,Ciudad de México,1,3,102943.02,87734.1,509
0336383,19,Nuevo León,4,1,49150.76,42258.41,256
0914710,22,Querétaro,3,5,57879.61,54485.39,583
0366105,20,Oaxaca,1,3,51880.34,54528.72,957
0274549,16,Michoacán de Ocampo,2,2,35310.64,24799.63,416
0165393,22,Querétaro,1,2,39975.16,39127.68,1318
0394943,19,Nuevo León,1,2,80458.37,57758.52,503
0682309,19,Nuevo León,3,2,46541.58,51431.09,1274
0141534,16,Michoacán de Ocampo,1,3,130128.12,112014.86,855
0588763,16,Michoacán de Ocampo,1,5,252729.14,241629.33,1118
0255996,31,Yucatán,3,3,77059.1,107897.18,1054
0241858,31,Yucatán,9,2,58341.2,53998.65,611
0791729,09,Ciudad de México,9,5,105509.77,106197.5,486
0449847,31,Yucatán,2,3,43964.45,47187.98,179
0220222,09,Ciudad de México,3,3,82483.57,70475.1,971
0599189,20,Oaxaca,1,5,122831.57,112828.09,1255
0788508,19,Nuevo León,1,4,59593.51,31751.34,1116
0750662,20,Oaxaca,1,2,,20996.17,1320
0963153,16,Michoacán de Ocampo,3,6,29211.46,28751.31,1012
0313179,22,Querétaro,1,4,160120.76,134206.48,1326
0961894,09,Ciudad de México,1,2,117411.24,134817.27,1341
0548023,09,Ciudad de México,4,5,129378.83,86821.13,136
0528110,09,Ciudad de México,1,2,87712,81416.09,826
0301204,16,Michoacán de Ocampo,2,3,102960.71,114461.75,570
0543591,31,Yucatán,1,3,201256.89,137855.11,519
0554891,19,Nuevo León,1,3,83966.28,73706.54,1240
0949482,09,Ciudad de México,1,1,66305.43,47698.78,1365
0574515,16,Michoacán de Ocampo,1,3,179715.5,143535.01,937
0727613,20,Oaxaca,1,2,123544.13,90616.88,245
0177082,16,Michoacán de Ocampo,3,3,56722.57,33058.04,246
0569552,20,Oaxaca,3,3,174957.05,122616.11,1225
0619564,31,Yucatán,9,3,17504.44,13433.34,1063
0467677,16,Michoacán de Ocampo,1,4,43501.88,39611.96,766
0797285,09,Ciudad de México,4,4,25339.13,38312.48,648
0692026,31,Yucatán,1,3,42264.4,37230.91,749
0861702,31,Yucatán,1,5,48609.8,61687.63,757
0436531,20,Oaxaca,1,4,101676.24,75651.79,542
0419028,19,Nuevo León,1,3,122748.03,91355.78,1096
0162509,16,Michoacán de Ocampo,4,2,57320.69,50249.53,491
0394775,19,Nuevo León,3,5,110068.08,94639.81,1130
0295491,09,Ciudad de México,1,5,79756.83,54365.97,1065
0343922,31,Yucatán,1,4,80535.3,64586.25,1301
0953953,19,Nuevo León,3,5,26098.36,22516.77,1345
0836432,16,Michoacán de Ocampo,3,1,37388.21,33479.25,1124
0492394,22,Querétaro,1,6,52224.39,71700.97,267
0861732,31,Yucatán,1,2,77129.28,71305.18,506
0468451,22,Querétaro,1,3,101424.56,64480.22,537
0985271,31,Yucatán,2,4,47135.54,34374.89,380
0640670,22,Querétaro,1,3,,40038.01,458
0109886,31,Yucatán,1,3,90242.59,83659.31,486
0556973,20,Oaxaca,1,2,144465.95,109882.46,209
0741853,31,Yucatán,1,6,69050.5,67732.71,641
0573050,20,Oaxaca,1,5,30830.08,33160.46,280
0703999,16,Michoacán de Ocampo,1,2,68130.22,53020.68,453
0694322,31,Yucatán,1,3,37596,21124.43,1011
0105274,19,Nuevo León,2,5,18220.14,18914.52,1058
0333812,22,Querétaro,3,4,30520.52,33329.7,313
0118701,19,Nuevo León,1,3,57516.45,52376.46,777
0453909,31,Yucatán,2,1,26875.05,28003.5,147
0609032,09,Ciudad de México,4,1,41032.75,42102.54,580
0172777,19,Nuevo León,1,5,91446.95,74075.29,527
0697191,20,Oaxaca,2,3,55639.46,47404.23,1168
0840037,16,Michoacán de Ocampo,2,4,97888.35,71590.37,631
0256030,31,Yucatán,2,3,,28209.61,900
0194242,31,Yucatán,3,4,49702.76,47287.19,1367
0812102,31,Yucatán,1,1,,34595.85,478
0786632,22,Querétaro,2,6,48072.77,39758.36,1191
0355661,19,Nuevo León,2,3,143746.66,127218.19,804
0316762,31,Yucatán,1,2,138205.87,88941.18,1348
0419928,19,Nuevo León,4,4,58785.22,47700.16,315
0310303,22,Querétaro,4,3,29247.81,24317.59,774
0822779,31,Yucatán,2,2,77822.4,51358.62,1122
0477110,09,Ciudad de México,9,4,15201.21,14349.69,648
0269747,09,Ciudad de México,4,2,44608.07,50180.52,253
0348069,20,Oaxaca,2,3,74130.06,56065.58,543
0301770,31,Yucatán,2,2,78287.36,74281.65,986
0385604,09,Ciudad de México,1,4,63591.61,44319.33,176
0662182,31,Yucatán,1,6,95281.67,107935.84,654
0431582,20,Oaxaca,2,3,102938.65,69259.05,404
0600003,22,Querétaro,4,3,36165.22,35280.58,136
0676252,20,Oaxaca,2,2,79152.97,61166.83,103
0382918,31,Yucatán,2,7,78283.89,60627.79,690
0995444,22,Querétaro,1,3,26251.8,33838.64,325
0534126,31,Yucatán,4,2,17325,27737.75,870
0435960,20,Oaxaca,1,5,101215.88,77856.37,92
0178456,20,Oaxaca,2,4,92320.53,60243.64,1009
0496743,20,Oaxaca,1,3,37885.63,31933.7,155
0661177,16,Michoacán de Ocampo,2,4,69185.41,62969.29,122
0321797,09,Ciudad de México,1,4,138892.4,79182.29,1063
0526322,09,Ciudad de México,2,4,164429.17,106819.87,1057
0621686,31,Yucatán,1,4,99864.02,67176.08,801
0865758,22,Querétaro,3,5,53190.54,49037.06,1298
0160749,09,Ciudad de México,1,4,76614.16,60773.99,439
0710468,31,Yucatán,1,5,143183.68,123313.64,169
0620643,19,Nuevo León,3,3,45933.82,44397.54,641
0353600,31,Yucatán,9,2,32773.27,23633.47,1377
0289517,16,Michoacán de Ocampo,1,5,73746.79,76190.86,991
0418184,19,Nuevo León,1,2,167158.19,151883.6,819
0715709,22,Querétaro,2,7,33054.04,24704.66,614
0700167,09,Ciudad de México,1,2,71104.78,47120.3,307
0395591,20,Oaxaca,3,6,60185.28,48076.89,343
0428610,19,Nuevo León,2,3,42795.28,66265.31,96
0904295,31,Yucatán,1,5,104633.08,93892.49,483
0405224,16,Michoacán de Ocampo,1,3,124062.74,137972.27,1139
0321593,31,Yucatán,2,3,82570.89,42412.7,226
0685358,16,Michoacán de Ocampo,1,2,97966.76,76554.28,503
0584251,09,Ciudad de México,1,3,62259.93,73091.29,1218
0251239,20,Oaxaca,1,2,58218.77,46577.33,1224
0804204,09,Ciudad de México,1,4,126936.88,122163.47,1253
0495103,16,Michoacán de Ocampo,3,1,34141.66,36676.61,1079
0276928,22,Querétaro,1,4,92570.58,93644.17,1303
0606318,31,Yucatán,3,1,65066.76,59739.03,410
0870791,31,Yucatán,1,5,109210.37,70053.74,221
0407580,09,Ciudad de México,2,5,56887.19,48636.88,1198
0211965,22,Querétaro,1,4,64207.63,98020.06,1398
0327267,31,Yucatán,1,5,37263.19,33955.04,784
0247243,22,Querétaro,3,2,12459.35,12287.78,274
0152912,31,Yucatán,1,4,34653.25,33332.4,261
0781161,09,Ciudad de México,9,1,184455.45,170129.08,523
0961766,22,Querétaro,1,4,115735.56,115015.84,179
0768412,16,Michoacán de Ocampo,2,3,63860.99,56128.79,471
0624617,09,Ciudad de México,1,1,71270.11,54036.85,1200
0572483,19,Nuevo León,4,5,16069.09,20862.54,126
0335880,16,Michoacán de Ocampo,2,1,39631.39,31573.42,956
0999457,22,Querétaro,2,4,166864.84,114765.88,1038
0154138,16,Michoacán de Ocampo,4,1,53374.6,39573.54,868
0174291,31,Yucatán,1,4,54883.31,33796.77,1173
0425631,09,Ciudad de México,4,4,40793.89,45519.87,862
0887590,31,Yucatán,3,5,40475.66,28450.73,500
0294115,09,Ciudad de México,2,7,128459.85,76175.51,943
0434513,20,Oaxaca,3,2,50032.58,43860.92,1000
0657550,19,Nuevo León,1,4,19824.76,24324.13,510
0982627,20,Oaxaca,3,2,43687.47,45473.27,426
0612211,19,Nuevo León,2,2,47912.84,35587.49,1267
0605823,20,Oaxaca,3,7,22504.8,29230.96,607
0188704,20,Oaxaca,3,2,38971.31,30285.03,1227
0296371,09,Ciudad de México,4,4,44415.61,40980.58,161
0247218,09,Ciudad de México,4,3,18539.81,22228.39,774
0880846,09,Ciudad de México,3,2,51384.8,39099.85,344
0241293,22,Querétaro,1,2,107740.52,96594.88,230
0595898,20,Oaxaca,1,4,82181.08,76867.8,561
0269143,16,Michoacán de Ocampo,1,2,141118.85,124244.13,347
0778076,19,Nuevo León,1,1,148110.97,157130.05,828
0224293,20,Oaxaca,4,1,13278.47,11926.6,1353
0601834,31,Yucatán,3,3,143429.72,165324.92,147
0478152,22,Querétaro,3,3,39947.8,31846.99,729
0424547,31,Yucatán,1,4,66243.6,44474.84,454
0544481,19,Nuevo León,3,4,101604.63,52887.88,1263
0741778,31,Yucatán,2,2,64967.19,36254.46,949
0692535,31,Yucatán,1,2,34634.39,21832.48,270
0778714,16,Michoacán de Ocampo,3,6,73461.95,52380.87,495
0636089,16,Michoacán de Ocampo,3,1,67678.19,61454.88,984
0612437,22,Querétaro,3,2,58562.4,69901.19,140
0218840,20,Oaxaca,1,3,68210.84,61123.94,1143
0577772,31,Yucatán,2,2,71368.82,69846.45,510
0375587,09,Ciudad de México,1,3,111437.69,100469.89,1111
0859680,09,Ciudad de México,4,2,30763.12,26980.81,491
0680442,19,Nuevo León,4,3,20702.47,25573.48,207
0735660,19,Nuevo León,4,1,91173.13,51309.11,1217
0256349,19,Nuevo León,4,3,11122.23,9414.57,496
0833953,22,Querétaro,4,2,69777.3,63063.74,1268
0235578,09,Ciudad de México,1,6,85142.44,60191.5,426
0504584,16,Michoacán de Ocampo,4,3,62291.02,62752.09,707
0238902,09,Ciudad de México,1,1,55454.55,70306.63,262
0982248,19,Nuevo León,1,2,41565.63,36582.65,957
0925575,19,Nuevo León,2,4,146014.07,125749.21,124
0542910,16,Michoacán de Ocampo,3,2,38479.7,27605.57,487
0996929,22,Querétaro,9,3,24276.01,22656.43,912
0185692,09,Ciudad de México,1,2,61493.52,79971.06,808
0817537,09,Ciudad de México,1,2,82513.13,77200.94,110
0110768,16,Michoacán de Ocampo,1,1,35416.66,41898.81,281
0626096,20,Oaxaca,1,4,88573.21,67590.7,950
0179103,09,Ciudad de México,2,4,53743.48,34937.74,105
0359373,22,Querétaro,2,5,58171.85,46664.17,430
0312489,31,Yucatán,2,3,66607.3,70247.07,834
0525999,31,Yucatán,1,5,47347.45,50903.89,949
0804348,09,Ciudad de México,1,2,44344.99,46584.14,997
0888757,19,Nuevo León,3,2,98105.3,76767.06,1321
0592247,22,Querétaro,3,6,118628.88,77396.14,884
0291558,31,Yucatán,3,5,44256.08,35778.98,427
0111500,22,Querétaro,1,2,46246.48,42358.27,393
0444654,09,Ciudad de México,1,6,130820.34,107671.21,703
0546613,09,Ciudad de México,1,2,67154.8,64347.47,941
0498714,22,Querétaro,1,3,103524.77,124871.9,1025
0838235,31,Yucatán,1,2,90740.54,59760.58,824
0476699,19,Nuevo León,3,6,69290.43,54099.82,1309
0345030,31,Yucatán,3,3,143734.79,120743.08,1096
0126564,16,Michoacán de Ocampo,1,4,64855.36,43660.06,80
0182467,19,Nuevo León,1,7,170537.4,110706.17,476
0621943,31,Yucatán,4,7,42277.92,57009.3,618
0433905,19,Nuevo León,1,3,67106.26,64523.77,843
0196078,09,Ciudad de México,3,3,68640.55,51203.23,188
0874205,19,Nuevo León,1,3,103406.98,99891.3,237
0552359,16,Michoacán de Ocampo,4,5,82130.45,57938.24,1385
0127629,20,Oaxaca,9,6,31756.28,30518.64,129
0909824,16,Michoacán de Ocampo,1,5,108088.46,94516.38,1135
0707590,20,Oaxaca,3,3,36197.34,27403.18,309
0659882,19,Nuevo León,3,1,21833.96,16905.5,1001
0510281,19,Nuevo León,1,1,46046.42,44749.85,1122
0923615,22,Querétaro,3,3,73536.41,48776.96,931
0666155,31,Yucatán,1,3,66300.74,55961.01,1026
0276642,09,Ciudad de México,2,2,44551.36,31304.46,364
0648807,20,Oaxaca,2,1,69337.51,46457.18,962
0723954,31,Yucatán,1,1,53437.76,44006.8,112
0560003,20,Oaxaca,3,2,23555.04,16080.88,483
0269160,09,Ciudad de México,1,3,41792.21,47740.11,753
0776323,20,Oaxaca,4,2,30189.39,29152.37,620
0349110,20,Oaxaca,2,2,78670.94,76454.41,1226
0823479,20,Oaxaca,3,4,125796.56,121090.5,116
0795135,22,Querétaro,1,1,119375.89,152605.43,1102
0414689,31,Yucatán,2,4,304178.29,223901.59,460
0772214,19,Nuevo León,2,4,40874.46,31996.25,843
0734171,31,Yucatán,3,3,52817.64,44488.97,1297
0136615,22,Querétaro,1,4,48923.36,46939.34,192
0943793,19,Nuevo León,1,4,44396.96,38900.86,1153
0675482,20,Oaxaca,2,3,170013.15,146566.6,898
0103765,22,Querétaro,2,7,151607.92,77386.55,1140
0146633,31,Yucatán,3,4,125594.11,63621.43,165
0515453,20,Oaxaca,1,3,63879.78,37628.98,1389
0359076,09,Ciudad de México,1,2,38220.07,36244.87,309
0293044,20,Oaxaca,1,3,126040.5,81771.82,583
0215832,09,Ciudad de México,2,4,50273.55,41533.11,1360
0554606,20,Oaxaca,3,3,41015.5,56390.27,1145
0198499,20,Oaxaca,2,3,51146.02,39167.56,95
0367792,31,Yucatán,1,3,34138.56,31899.9,1110
0876031,22,Querétaro,2,2,22059.51,23831.94,277
0166486,31,Yucatán,2,3,51887.19,50726.14,1246
0858241,31,Yucatán,2,1,55710.57,60543.42,765
0412201,22,Querétaro,2,6,199755.73,181991.64,1396
0992653,09,Ciudad de México,1,2,72205.74,46960.24,466
0707186,20,Oaxaca,1,3,23555.53,23147.3,778
0127117,16,Michoacán de Ocampo,3,3,102450.96,87333.73,823
0447258,31,Yucatán,4,2,27872.72,24246.13,1250
0356828,09,Ciudad de México,3,4,,47631.49,194
0145796,31,Yucatán,2,5,93321.38,70641.27,1240
0790271,22,Querétaro,4,6,40261.24,37652.73,1163
0830962,31,Yucatán,1,3,63460.41,46633.48,115
0592286,19,Nuevo León,1,5,117954.41,98918.63,1301
0778456,09,Ciudad de México,1,4,90121.56,55475.99,225
0872634,19,Nuevo León,4,2,40015.68,34503.1,147
0454726,31,Yucatán,4,1,49693.77,56819.99,754
0157044,16,Michoacán de Ocampo,1,2,79442.88,73565.05,933
0271564,22,Querétaro,2,6,83003.3,64580.7,675
0941514,22,Querétaro,1,4,97062.5,69192.8,263
0759938,09,Ciudad de México,1,5,40632.77,32755.18,1295
0701664,22,Querétaro,1,2,112554.6,58532.19,898
0673236,19,Nuevo León,2,6,219509.81,194786.26,863
0144005,22,Querétaro,2,1,56127.28,44616.33,249
0292165,31,Yucatán,2,4,37935.4,49414.81,115
0569941,31,Yucatán,2,4,96515.21,66070.4,767
0388661,19,Nuevo León,3,2,34119.02,35395.59,190
0365481,31,Yucatán,2,3,47183.88,46443.56,282
0411952,16,Michoacán de Ocampo,3,3,32670.8,32480.57,346
0392000,20,Oaxaca,1,6,103057.26,142298.85,195
0274989,09,Ciudad de México,2,7,57157.61,71840.19,940
0964660,31,Yucatán,2,3,40992.2,38476.36,287
0931596,19,Nuevo León,1,6,133051.18,66383.67,916
0868211,16,Michoacán de Ocampo,1,5,62501.11,59598.98,960
0541406,19,Nuevo León,2,2,20080.3,22973.57,255
0567151,19,Nuevo León,1,3,42500.26,27926.98,1131
0626470,20,Oaxaca,4,2,34340.04,29214.81,1287
0283319,31,Yucatán,1,3,54593.77,67774.67,1194
0677028,31,Yucatán,2,2,61107.84,63255.43,161
0208491,22,Querétaro,1,6,41798.43,52833.61,1002
0841689,31,Yucatán,1,6,33451.43,41427.31,1069
0916213,19,Nuevo León,2,4,73753.81,44525.51,278
0455771,22,Querétaro,2,4,54061.76,34937.68,1143
0573105,31,Yucatán,1,2,170100.01,181709.29,120
0600339,19,Nuevo León,1,2,81853.4,65783.57,761
0381418,20,Oaxaca,4,1,21623.21,26098.14,1244
0755952,16,Michoacán de Ocampo,3,1,46262.08,39468.09,1202
0509528,22,Querétaro,3,3,73066.23,41268.63,1162
0177737,20,Oaxaca,1,3,51030.49,49164.24,205
0328259,19,Nuevo León,1,4,107371.18,107000.09,506
0979593,20,Oaxaca,3,4,75255.93,63808.87,666
0376080,31,Yucatán,1,2,55277.74,68324.63,777
0186925,22,Querétaro,2,3,45883.34,30554.89,1020
0507997,09,Ciudad de México,3,3,67877,60644.03,1283
0615568,22,Querétaro,9,6,111061.31,115844.14,960
0184778,31,Yucatán,1,5,13347.03,18799.79,479
0332761,09,Ciudad de México,4,5,58897.05,63333.19,429
0899429,20,Oaxaca,1,2,83372.12,69372.67,417
0367395,16,Michoacán de Ocampo,2,4,,87746.6,1087
0708855,22,Querétaro,1,7,88719.05,61604.61,909
0761028,31,Yucatán,1,2,61123.79,63602.01,1161
0371814,16,Michoacán de Ocampo,1,5,115022.84,127235.36,912
0167443,16,Michoacán de Ocampo,3,2,61275.06,58912.38,431
0540057,19,Nuevo León,1,1,90716.69,69857.74,1324
0442660,19,Nuevo León,2,1,,84563.01,652
0471589,16,Michoacán de Ocampo,1,5,58385.88,37123.47,878
0573499,20,Oaxaca,3,5,127370.89,118088.4,898
0350078,31,Yucatán,2,3,61471.4,46551.43,408
0291525,19,Nuevo León,1,5,49951.79,64336.63,311
0419432,19,Nuevo León,1,2,46818.36,45565.55,1300
0542346,16,Michoacán de Ocampo,2,3,82016.7,67965.7,601
0939440,09,Ciudad de México,3,3,74879.17,80190.62,1053
0920403,20,Oaxaca,4,4,184051.85,149187.73,502
0577670,22,Querétaro,1,2,44708.76,39996.09,1068
0478035,20,Oaxaca,1,2,34319.19,26782.09,537
0638272,22,Querétaro,1,3,91687.99,74175.32,882
0212088,22,Querétaro,1,1,45423.34,37798.67,420
0144499,19,Nuevo León,4,2,73416.37,56055.05,106
0991959,16,Michoacán de Ocampo,1,5,53901.14,54381.32,368
0679752,16,Michoacán de Ocampo,1,3,100044.45,82330.94,877
0694714,31,Yucatán,1,2,37465.16,31143.28,1329
0735561,31,Yucatán,1,2,7694.18,9262.41,1042
0914591,09,Ciudad de México,2,1,61482.11,48160.33,748
0897507,19,Nuevo León,4,5,134625.09,147534.46,1242
0417066,31,Yucatán,2,2,98591.02,92920.39,407
0726308,19,Nuevo León,2,1,99612.94,58467.48,1027
0231361,22,Querétaro,3,3,74419.42,75888.64,128
0985102,16,Michoacán de Ocampo,4,4,67203.79,70469.9,161
0187226,31,Yucatán,1,2,53539.67,44945.82,187
0193550,09,Ciudad de México,2,2,79467.4,82698.73,1246
0639169,20,Oaxaca,3,4,93555.43,97580.57,509
0562201,16,Michoacán de Ocampo,2,2,46556.3,43850.28,889
0512306,09,Ciudad de México,4,3,13340.63,11211.8,215
0385638,09,Ciudad de México,3,3,36083.14,26415.87,1224
0700328,31,Yucatán,1,5,102473.14,75186.38,1119
0753603,22,Querétaro,3,1,26151.05,26384.64,1005
0485104,22,Querétaro,2,7,38816.49,33916.62,1381
0640319,09,Ciudad de México,1,2,23333.87,26440.43,1146
0688844,16,Michoacán de Ocampo,2,1,,27220.46,1072
0679259,22,Querétaro,2,5,98979.06,76812.06,189
0881113,09,Ciudad de México,1,4,164510.24,136142.58,353
0351565,20,Oaxaca,3,3,45741.88,36096.06,801
0991109,19,Nuevo León,4,4,23174.12,24809.88,208
0870685,31,Yucatán,2,1,35500.92,29608.93,708
0163929,20,Oaxaca,1,5,133023.72,88260.13,407
0533953,22,Querétaro,1,3,83266.23,75167.32,399
0372341,31,Yucatán,2,3,111195.69,74979.28,507
0303461,09,Ciudad de México,1,2,79091.73,57176.53,872
0178337,19,Nuevo León,1,3,137575.83,117438.01,1212
0403106,19,Nuevo León,2,4,70142.67,34169.88,281
0297368,31,Yucatán,4,2,43388.1,43066.88,1152
0170985,31,Yucatán,4,3,39580.79,45516.4,113
0972158,31,Yucatán,2,7,100405.74,63387.56,585
0837592,09,Ciudad de México,3,4,32601.57,20203.62,412
0730698,22,Querétaro,4,1,,111851.88,385
0929270,19,Nuevo León,2,2,152226.33,134487.76,601
0189708,31,Yucatán,1,2,42770.82,39830.85,332
0461917,31,Yucatán,9,2,73387.29,52576.97,184
0941181,16,Michoacán de Ocampo,1,2,40660.17,38553.88,561
0640287,31,Yucatán,3,3,50903.56,43616.05,1214
0659103,09,Ciudad de México,1,2,73477.76,69396.96,989
0535686,19,Nuevo León,3,5,107867.61,87535.76,872
0719452,16,Michoacán de Ocampo,4,3,41210.94,39650.65,1146
0453595,22,Querétaro,3,3,49387.51,37538.18,313
0737523,16,Michoacán de Ocampo,1,5,87188.26,78783.27,368
0937175,20,Oaxaca,3,1,36262.48,32987.17,325
0967995,22,Querétaro,1,7,42985.64,38169.93,763
0144694,31,Yucatán,2,2,105520.4,61197.44,1019
0348829,20,Oaxaca,1,3,84952.6,88009.27,554
0351517,31,Yucatán,1,5,43245.6,31176.19,1331
0824847,19,Nuevo León,1,4,77088.67,83468.2,539
0301564,22,Querétaro,3,6,41827.82,38334.93,292
0167973,16,Michoacán de Ocampo,9,2,139995.28,103185.71,652
0686154,16,Michoacán de Ocampo,1,2,56687.05,59293.68,790
0172782,31,Yucatán,1,2,59233.75,61668.03,692
0223191,20,Oaxaca,3,2,30616.53,62259.13,765
0580499,31,Yucatán,2,1,,27692.52,1080
0978078,20,Oaxaca,2,3,23404.35,37544.45,1197
0596869,09,Ciudad de México,1,2,78927.56,81655.3,331
0937139,20,Oaxaca,1,3,147246.08,74593.85,951
0402916,09,Ciudad de México,2,4,156242.21,91559.75,203
0315580,22,Querétaro,4,3,31777.21,23778.97,1162
0788413,31,Yucatán,4,2,23096.34,22707.97,469
0728632,31,Yucatán,3,2,108290.46,106116.15,1079
0653401,20,Oaxaca,3,2,64121.71,77585.02,175
0928966,19,Nuevo León,3,7,,21363.79,248
0505778,22,Querétaro,2,5,43564.49,39104.63,673
0287962,20,Oaxaca,4,3,73881.2,52903.8,104
0991144,22,Querétaro,4,4,29507.55,40435.56,723
0580515,31,Yucatán,1,3,42212.51,38754.02,708
0361683,20,Oaxaca,1,3,135211.14,122211.91,1045
0153264,19,Nuevo León,2,3,64587.1,57883.9,1245
0186917,16,Michoacán de Ocampo,2,2,66128.88,52205.51,342
0203905,31,Yucatán,3,5,85385.14,89846.61,655
0316240,31,Yucatán,2,2,48451.74,43674.58,237
0818265,19,Nuevo León,2,3,73702.3,60129.83,1017
0724878,09,Ciudad de México,1,3,23864.64,23487.84,1346
0767218,19,Nuevo León,3,2,55632.59,48379.71,1238
0678614,19,Nuevo León,1,4,87290.81,55894.31,121
0203750,09,Ciudad de México,2,2,37703.51,35713.58,747
0961990,31,Yucatán,2,1,56620.21,48931.65,891
0478687,09,Ciudad de México,3,1,62689.45,61036.23,238
0105232,31,Yucatán,1,2,76048.82,111396.53,349
0851320,09,Ciudad de México,3,2,37634.32,32982.47,1082
0833553,22,Querétaro,1,5,242028.76,254572.92,794
0479064,22,Querétaro,3,3,55786.56,31642.73,243
0238127,16,Michoacán de Ocampo,1,1,119081.92,95354.67,323
0828046,22,Querétaro,1,1,83387.55,55321.23,619
0480845,16,Michoacán de Ocampo,4,2,62070.78,70325.59,93
0402541,31,Yucatán,1,5,40014.44,58996.64,480
0168472,22,Querétaro,1,2,39406.63,28876.59,446
0588565,16,Michoacán de Ocampo,1,4,61767.45,53343.86,556
0253807,31,Yucatán,1,4,36317.8,35997.83,245
0960950,22,Querétaro,2,3,73146.59,68114.59,467
0598029,22,Querétaro,2,2,95231.75,59182.03,587
0586535,22,Querétaro,4,3,40107.55,62505.15,1011
0521354,22,Querétaro,2,2,34097.18,23365.38,527
0313834,16,Michoacán de Ocampo,1,3,42931.83,47046.83,180
0656292,20,Oaxaca,2,4,62322.81,55982.94,155
0432520,09,Ciudad de México,1,3,73838.94,73590.61,1221
0562799,09,Ciudad de México,3,3,82824.19,56925.8,1117
0531701,31,Yucatán,2,5,69940.48,94076.64,509
0773815,22,Querétaro,3,3,50995.29,55378.97,924
0415700,20,Oaxaca,4,5,79121.39,42787.65,1105
0842767,09,Ciudad de México,2,3,118506.43,129913.61,1329
0453617,16,Michoacán de Ocampo,2,3,113480.89,81978.04,194
0924646,09,Ciudad de México,1,3,63471.86,53127.11,1088
0460781,22,Querétaro,1,1,26209.96,25871.58,1217
0623315,09,Ciudad de México,2,2,86165.51,52460.87,601
0488710,16,Michoacán de Ocampo,3,5,107278.1,85442.2,127
0698561,20,Oaxaca,4,5,30287.54,32402.5,1275
0392637,09,Ciudad de México,2,5,70787.15,95764.8,454
0212559,19,Nuevo León,1,5,316866.47,186558.67,1303
0689866,22,Querétaro,1,5,100382.22,113562.48,751
0154442,20,Oaxaca,2,4,80449.57,52287.54,1147
0567841,16,Michoacán de Ocampo,2,2,31511.3,32629.31,235
0144949,22,Querétaro,3,3,23045.31,27127.28,1139
0949843,20,Oaxaca,1,1,63444.66,44617.68,987
0475916,16,Michoacán de Ocampo,4,2,32951.85,28455.47,925
0863706,19,Nuevo León,3,5,147595.9,148731.65,583
0128908,20,Oaxaca,9,4,52065.92,28663.91,732
0189397,16,Michoacán de Ocampo,1,2,47002.03,44480.1,648
0454578,20,Oaxaca,1,3,37574.21,37528.27,1366
0739781,19,Nuevo León,4,2,71786.92,68985.62,1167
0178471,19,Nuevo León,1,1,36951.9,36765.99,682
0678571,20,Oaxaca,1,4,152701.47,78857.88,1171
0752749,22,Querétaro,9,2,153057.01,157189.6,638
0344927,31,Yucatán,1,3,28092.51,29157.33,340
0161417,22,Querétaro,3,1,79030.65,63126.75,237
0944933,31,Yucatán,2,5,180876.25,119473.64,1157
0553572,22,Querétaro,1,4,99928.28,84915.78,807
0958650,20,Oaxaca,1,5,53473,39186.6,871
0981872,31,Yucatán,4,5,20401.88,13462.21,985
0896446,16,Michoacán de Ocampo,2,2,42096.51,29992.11,301
0219049,20,Oaxaca,3,2,20717.09,27384.51,1379
0455914,22,Querétaro,1,5,66875.47,55963.6,969
0438680,19,Nuevo León,3,3,64945.4,50442.31,293
0310949,22,Querétaro,2,5,47238.23,51653.21,317
0313860,20,Oaxaca,2,4,67155.07,98340.47,456
0887714,09,Ciudad de México,1,3,51244.67,27079.69,220
0336465,09,Ciudad de México,4,2,29711.82,28601.95,317
0651995,20,Oaxaca,2,2,86132.35,50897.66,865
0603999,16,Michoacán de Ocampo,1,2,84101.66,40169.52,1271
0514742,20,Oaxaca,1,7,143432.94,121542.48,844
0696834,31,Yucatán,2,2,66766.64,46346.72,299
0420122,09,Ciudad de México,2,2,57740.85,63339.36,1020
0848828,19,Nuevo León,3,3,73179.27,66340.24,1395
0472547,19,Nuevo León,3,5,25296.4,36414.52,260
0377098,19,Nuevo León,2,1,57062.98,71541.03,687
0324860,16,Michoacán de Ocampo,2,7,87326.5,124107.29,546
0901944,22,Querétaro,3,3,36723.06,28854.41,418
0947281,20,Oaxaca,3,4,48850.63,38211.6,400
0453243,19,Nuevo León,1,2,40272.18,45513.92,618
0483817,16,Michoacán de Ocampo,1,4,52637.36,50023.78,588
0446984,09,Ciudad de México,1,5,44261.06,53355.6,217
0503555,09,Ciudad de México,3,3,23730.74,29126.65,232
0577033,16,Michoacán de Ocampo,2,3,46588.13,51613.29,614
0929115,09,Ciudad de México,1,2,93709.86,50238.35,799
0548125,09,Ciudad de México,4,5,20500.12,22996.3,121
0481821,09,Ciudad de México,1,3,36834.84,29763.87,949
0664268,19,Nuevo León,1,1,48985.9,35227.31,981
0873267,19,Nuevo León,1,7,107522.01,122504.73,300
0104119,19,Nuevo León,1,4,,44145.13,307
0462194,20,Oaxaca,1,3,62851.94,55093.1,699
0312737,22,Querétaro,1,6,41290.31,24558.18,248
0333061,31,Yucatán,1,4,26955.49,28180.09,446
0575306,16,Michoacán de Ocampo,3,5,125604.29,147878.2,1319
0512567,31,Yucatán,3,3,44345.86,36231.76,1108
0152914,09,Ciudad de México,1,2,11928.69,13129.2,321
0644515,19,Nuevo León,1,3,51979.14,26860.91,1283
0337515,31,Yucatán,3,2,28253.48,38982.08,383
0148358,20,Oaxaca,2,4,76371.94,59809.49,576
0748409,22,Querétaro,3,3,24067.57,28989.32,868
0936834,22,Querétaro,1,4,116646.33,83569.62,1231
0737602,19,Nuevo León,2,1,37149.01,32802.61,346
0466246,19,Nuevo León,4,4,38958.31,34957.43,243
0163375,22,Querétaro,2,2,78522.16,60580.11,915
0581445,19,Nuevo León,1,4,48594.28,60898.93,1031
0962196,09,Ciudad de México,1,2,56455.17,40379.84,800
0432731,31,Yucatán,1,3,101335.64,100656.01,1106
0612996,09,Ciudad de México,4,3,69289.81,66488.43,596
0476225,22,Querétaro,1,5,167293.95,131916.98,993
0742641,16,Michoacán de Ocampo,3,3,67529.77,58119.5,1301
0814023,31,Yucatán,2,3,89610.82,57736.93,488
0722227,16,Michoacán de Ocampo,3,4,20317.88,23825.3,974
0781573,31,Yucatán,1,3,72234.3,67713.46,616
0432586,31,Yucatán,1,6,158792.86,99127.89,994
0476450,20,Oaxaca,1,1,73627.22,79372.81,1175
0768030,19,Nuevo León,3,3,20569.41,21571.57,262
0730822,31,Yucatán,1,5,93451.33,76948.03,612
0887034,31,Yucatán,2,5,163733.31,115407.71,837
0955459,09,Ciudad de México,1,4,85402.86,70810.05,830
0173231,22,Querétaro,2,2,33484.49,32290.06,1166
0206102,09,Ciudad de México,2,3,33118.93,28171.79,670
0528046,20,Oaxaca,1,1,41264.84,29517.38,990
0838976,19,Nuevo León,2,5,37055.62,29917.06,549
0900511,31,Yucatán,2,4,37784.02,47326.38,147
0993764,09,Ciudad de México,9,2,72011.32,94421.42,779
0423381,22,Querétaro,3,3,100909.12,160221.97,618
0761348,09,Ciudad de México,1,3,122073.42,120619.07,96
0121038,22,Querétaro,1,5,37978.99,44346.92,1230
0873748,16,Michoacán de Ocampo,1,1,77031.86,76192.73,1380
0567604,31,Yucatán,4,2,17761.75,15521.89,676
0206534,22,Querétaro,1,2,65759.32,86718.78,1192
0793840,19,Nuevo León,1,4,62386.81,50041.83,1364
0677507,09,Ciudad de México,1,4,347888.84,188852.66,1264
0662343,16,Michoacán de Ocampo,2,2,47195.55,52682.58,1219
0403501,31,Yucatán,3,2,80106.17,58851.85,517
0447481,19,Nuevo León,2,3,46602.36,37051.97,186
0624236,16,Michoacán de Ocampo,1,5,44784.78,36077.68,1004
0827079,19,Nuevo León,9,1,150688.76,133766.25,251
0645156,20,Oaxaca,3,3,34783.39,39439.13,308
0617566,20,Oaxaca,1,3,36610.07,35898.57,403
0965279,31,Yucatán,2,5,56403.12,36399.39,1036
0622742,19,Nuevo León,1,4,67578.47,55748.84,113
0301748,20,Oaxaca,1,5,65290.29,42708.74,896
0832337,20,Oaxaca,3,4,20269.32,17989.41,241
0432199,09,Ciudad de México,1,1,45224.32,41829.94,1127
0712798,09,Ciudad de México,4,2,64286.7,43301.68,1333
0219524,09,Ciudad de México,3,3,77007.27,66086.42,128
0442340,22,Querétaro,1,5,118417.28,104918.78,571
0483836,20,Oaxaca,1,3,79693.25,66712.2,87
0760367,16,Michoacán de Ocampo,1,1,52366.59,39274.12,160
0162821,09,Ciudad de México,2,7,,50731.35,191
0503692,20,Oaxaca,3,2,41140.19,29767.74,322
0864608,19,Nuevo León,1,1,45354.84,47705.36,678
0183351,22,Querétaro,2,2,30515.82,27325.07,749
0924868,19,Nuevo León,1,3,125759.8,63185.44,1127
0503208,19,Nuevo León,2,5,36497.3,29155.86,174
0477598,31,Yucatán,9,3,30129.36,31518.19,139
0841449,22,Querétaro,1,7,48117.93,61395.48,844
0432118,16,Michoacán de Ocampo,3,1,48043.85,56882.39,1201
0707222,19,Nuevo León,4,3,61928.18,83186.07,793
0120311,09,Ciudad de México,3,3,75848.3,59986.28,935
0544673,22,Querétaro,2,5,55939.78,60601.34,983
0886540,20,Oaxaca,2,4,67186.23,52205.16,443
0638250,09,Ciudad de México,1,1,94379.32,91881.23,1064
0184725,19,Nuevo León,1,7,82386.82,95319.03,1177
0493351,09,Ciudad de México,1,2,54197.85,56403.65,947
0640288,09,Ciudad de México,3,3,38860.52,35755.25,558
0166480,16,Michoacán de Ocampo,2,3,78284.16,77330.52,855
0432898,31,Yucatán,2,5,17663.41,25138.23,1201
0918035,16,Michoacán de Ocampo,1,3,151512.57,143610.72,255
0219410,22,Querétaro,4,2,26677.94,16832.33,231
0819183,19,Nuevo León,1,3,109455.09,83824.78,668
0249510,22,Querétaro,2,1,32569.55,36232.72,762
0232427,20,Oaxaca,2,3,44663.94,34258.63,653
0806961,16,Michoacán de Ocampo,3,1,71630.08,45046.51,1309
0180168,20,Oaxaca,2,5,61950.31,46477.74,358
0836204,22,Querétaro,4,4,56477.62,50166.67,1094
0255485,09,Ciudad de México,9,3,79587.34,60384.31,664
0666970,31,Yucatán,1,2,151951.87,121692.47,1241
0547928,22,Querétaro,1,3,149931.08,144662.93,193
0661044,19,Nuevo León,1,2,55457.77,60226.24,458
0776998,20,Oaxaca,1,1,125911.13,113756.84,926
0727594,31,Yucatán,1,3,159282.28,128472.58,782
0588067,22,Querétaro,2,4,92981.82,81874.55,406
0200181,09,Ciudad de México,1,4,37313.53,35021.93,866
0143376,22,Querétaro,1,2,48126.32,53387.87,491
0621829,20,Oaxaca,2,3,11246.05,10066.51,178
0611252,20,Oaxaca,2,4,53625.9,53987.16,653
0732013,16,Michoacán de Ocampo,1,2,41949.97,45441.51,190
0880496,22,Querétaro,3,4,64053.64,79139.11,782
0833430,09,Ciudad de México,2,3,52984.69,65388.22,406
0950037,20,Oaxaca,2,3,19034.74,20604.24,704
0979039,19,Nuevo León,2,5,104309.79,70581.87,943
0467373,20,Oaxaca,1,7,208973.9,155652.23,328
0512675,22,Querétaro,1,1,36109.26,36812.87,862
0237575,09,Ciudad de México,1,3,50597.35,54913.86,187
0293758,31,Yucatán,2,3,46515.63,28247.69,304
0110709,22,Querétaro,1,2,242502.63,185450.02,1147
0510362,31,Yucatán,1,2,83313.01,85462.97,912
0757677,19,Nuevo León,1,4,128423.59,100305.83,1196
0321246,31,Yucatán,1,3,35526.07,35094.02,1006
0705588,16,Michoacán de Ocampo,1,5,47408.77,40919.35,284
0953955,22,Querétaro,1,3,45510.23,40993.84,116
0932083,09,Ciudad de México,2,3,20945.69,18565.56,1364
0967556,20,Oaxaca,3,4,26398.83,23658.44,1030
0691494,16,Michoacán de Ocampo,3,3,26752.34,28092.75,1241
0238064,22,Querétaro,2,4,41398.1,28951.59,98
0674374,09,Ciudad de México,1,2,102973.96,100647.64,419
0955571,31,Yucatán,2,6,283908.06,178665.32,432
0487651,09,Ciudad de México,2,6,33277.41,44459.79,1210
0955676,31,Yucatán,4,3,66832.16,63644.4,439
0958558,16,Michoacán de Ocampo,3,2,50010.54,40583.51,304
0905464,22,Querétaro,4,4,38066.06,24747.31,1151
0616046,22,Querétaro,1,5,88437.1,100168.76,345
0839474,09,Ciudad de México,3,3,53950.88,44597.86,862
0690411,31,Yucatán,3,3,34045.15,32918.32,230
0316155,09,Ciudad de México,1,5,63493.4,46108.82,346
0950440,19,Nuevo León,1,2,86868.38,74006.23,563
0454499,20,Oaxaca,1,4,62112.06,60253.19,981
0733584,20,Oaxaca,1,1,93311.23,91310.83,741
0947525,31,Yucatán,9,3,20966.92,17980.77,1302
0927459,19,Nuevo León,2,2,64478.45,57040.33,423
0691404,20,Oaxaca,4,1,109820.2,85370.88,947
0160328,19,Nuevo León,2,3,53522.01,38208.23,717
0989857,19,Nuevo León,3,3,47981.18,41802.5,1153
0560106,19,Nuevo León,3,5,112263.54,93368.66,161
0714798,22,Querétaro,1,6,94376.34,70979.84,1277
0981075,31,Yucatán,1,3,82695.05,53549.99,711
0215190,09,Ciudad de México,1,1,47088.43,74076.21,1062
0139001,22,Querétaro,1,3,44269.75,42364.71,517
0570497,20,Oaxaca,2,5,112333.72,86404.66,820
0269315,16,Michoacán de Ocampo,1,2,33373.79,43290.12,326
0569859,16,Michoacán de Ocampo,2,7,80375.21,75664.18,902
0319599,19,Nuevo León,1,3,77257.55,61164.68,895
0285799,31,Yucatán,2,3,39487.21,28676.22,1362
0307932,20,Oaxaca,4,5,94781.64,115031.18,974
0747504,22,Querétaro,1,1,71089.32,66190.59,393
0107850,31,Yucatán,3,5,34587.34,32607.81,330
0205642,09,Ciudad de México,3,2,38852.44,35085.43,583
0827147,20,Oaxaca,1,6,43541.32,44163.44,504
0721197,20,Oaxaca,1,3,24889.09,25344.63,679
0968572,16,Michoacán de Ocampo,2,3,40881.97,43771.05,583
0118281,16,Michoacán de Ocampo,4,3,25522.54,32772.93,1113
0217038,31,Yucatán,1,3,73121.9,54772.67,888
0169184,16,Michoacán de Ocampo,3,4,36680.88,26918.18,1041
0447278,16,Michoacán de Ocampo,1,4,115213.83,86279.4,939
0140043,22,Querétaro,1,1,89018.59,63445.4,267
0967260,22,Querétaro,1,5,85386.38,122908.51,858
0812709,16,Michoacán de Ocampo,1,3,31847.83,32744.02,793

